"Path","LineNumber","Line"
"C:\Users\Home-PC\Desktop\noytrix-s54\app\(tabs)\index.js","102","        /(капитализац|объ[её]м|изменение\s*\(24\s*часа\)|цена|курс|торгов)/i.test("
"C:\Users\Home-PC\Desktop\noytrix-s54\app\(tabs)\index.js","153","        return t(""home.articleError"", ""Не удалось загрузить статью."");"
"C:\Users\Home-PC\Desktop\noytrix-s54\app\(tabs)\index.js","165","          : t(""home.articleError"", ""Не удалось загрузить статью."");"
"C:\Users\Home-PC\Desktop\noytrix-s54\app\(tabs)\index.js","168","        return t(""home.articleError"", ""Не удалось загрузить статью."");"
"C:\Users\Home-PC\Desktop\noytrix-s54\app\(tabs)\index.js","243","            : t(""home.articleError"", ""Не удалось загрузить статью.""),"
"C:\Users\Home-PC\Desktop\noytrix-s54\app\(tabs)\index.js","250","        text: t(""home.articleError"", ""Не удалось загрузить статью.""),"
"C:\Users\Home-PC\Desktop\noytrix-s54\app\(tabs)\profile.js","47","/* === ключи истории === */"
"C:\Users\Home-PC\Desktop\noytrix-s54\app\(tabs)\profile.js","64","/* === ключи журнала фьючерсов === */"
"C:\Users\Home-PC\Desktop\noytrix-s54\app\(tabs)\profile.js","76","/* простой форматер цены для журнала */"
"C:\Users\Home-PC\Desktop\noytrix-s54\app\(tabs)\profile.js","128","  const [futuresTrades, setFuturesTrades] = useState([]); // журнал фьючерсов"
"C:\Users\Home-PC\Desktop\noytrix-s54\app\(tabs)\profile.js","133","  // ===== локальный PRO-флаг (из AsyncStorage), чтобы профиль знал про покупку ====="
"C:\Users\Home-PC\Desktop\noytrix-s54\app\(tabs)\profile.js","139","        const v2 = await AsyncStorage.getItem(""isPro""); // старый ключ, если где-то использовался"
"C:\Users\Home-PC\Desktop\noytrix-s54\app\(tabs)\profile.js","145","  // ===== УВЕДОМЛЕНИЯ: управление пушами из профиля ====="
"C:\Users\Home-PC\Desktop\noytrix-s54\app\(tabs)\profile.js","234","        // сортируем сделки по дате (последние сверху)"
"C:\Users\Home-PC\Desktop\noytrix-s54\app\(tabs)\profile.js","552","                    {/* здесь меняем Free -> жёлтый PRO для про-юзера */}"
"C:\Users\Home-PC\Desktop\noytrix-s54\app\(tabs)\profile.js","668","          {/* История */}"
"C:\Users\Home-PC\Desktop\noytrix-s54\app\(tabs)\profile.js","709","          {/* Персональная аналитика */}"
"C:\Users\Home-PC\Desktop\noytrix-s54\app\(tabs)\profile.js","738","          {/* Журнал фьючерсов */}"
"C:\Users\Home-PC\Desktop\noytrix-s54\app\(tabs)\profile.js","820","          {/* Настройки уведомлений */}"
"C:\Users\Home-PC\Desktop\noytrix-s54\app\(tabs)\profile.js","852","          {/* Информация + выход */}"
"C:\Users\Home-PC\Desktop\noytrix-s54\app\(tabs)\spot.js","62","    return { score: -1, reasons: [""стейбл/обёртка исключены""] };"
"C:\Users\Home-PC\Desktop\noytrix-s54\app\(tabs)\spot.js","71","  if (liq > 0.06) reasons.push(""хорошая ликвидность (> 6%)"");"
"C:\Users\Home-PC\Desktop\noytrix-s54\app\(tabs)\spot.js","78","  if (hot24) reasons.push(""слишком горячо за 24ч — риск"");"
"C:\Users\Home-PC\Desktop\noytrix-s54\app\(tabs)\spot.js","87","  if (!hot24 && mom7 >= 0) reasons.push(""адекватный риск/потенциал"");"
"C:\Users\Home-PC\Desktop\noytrix-s54\app\(tabs)\spot.js","88","  if (c.mcap > 1e9) reasons.push(""крупная/средняя капитализация"");"
"C:\Users\Home-PC\Desktop\noytrix-s54\app\(tabs)\spot.js","89","  else reasons.push(""меньшая капитализация (выше риск/потенциал)"");"
"C:\Users\Home-PC\Desktop\noytrix-s54\app\(tabs)\trading.js","114","        // игнорим разовые ошибки сети"
"C:\Users\Home-PC\Desktop\noytrix-s54\app\(tabs)\trading.js","135","    // пишем результат в профиль как сделку"
"C:\Users\Home-PC\Desktop\noytrix-s54\app\(tabs)\trading.js","153","          riskPct: 1, // условный риск для статистики"
"C:\Users\Home-PC\Desktop\noytrix-s54\app\(tabs)\_layout.js","11","// ✅ показываем заставку при запуске"
"C:\Users\Home-PC\Desktop\noytrix-s54\app\(tabs)\_layout.js","20","      SplashScreen.hideAsync(); // скрываем заставку через 3 секунды"
"C:\Users\Home-PC\Desktop\noytrix-s54\app\(tabs)\_layout.js","38","  const baseHeight = 59; // так, чтобы при отсутствии инсетов итог ≈ твоих 65"
"C:\Users\Home-PC\Desktop\noytrix-s54\app\(tabs)\_layout.js","45","        tabBarHideOnKeyboard: true, // ⬅️ чтобы не налезал при открытой клавиатуре"
"C:\Users\Home-PC\Desktop\noytrix-s54\app\(tabs)\_layout.js","62","          paddingBottom: Math.max(insets.bottom, 6), // ⬅️ аккуратный отступ снизу"
"C:\Users\Home-PC\Desktop\noytrix-s54\app\auth\forgot.js","17","      Alert.alert(""Отправлено"", ""Проверьте почту — пришёл код."");"
"C:\Users\Home-PC\Desktop\noytrix-s54\app\auth\forgot.js","20","      Alert.alert(""Ошибка"", e.message || ""Не удалось отправить код"");"
"C:\Users\Home-PC\Desktop\noytrix-s54\app\auth\forgot.js","27","        <Text style={s.title}>Восстановление пароля</Text>"
"C:\Users\Home-PC\Desktop\noytrix-s54\app\auth\forgot.js","29","        <TouchableOpacity style={s.btn} onPress={onSend}><Text style={s.btnText}>Отправить код</Text></TouchableOpacity>"
"C:\Users\Home-PC\Desktop\noytrix-s54\app\auth\googleLogin.js","23","// 👉 редирект на ту же схему, что и в app.json: ""com.noytrix.app"""
"C:\Users\Home-PC\Desktop\noytrix-s54\app\auth\googleLogin.js","47","          response.error?.message ?? ""Ошибка авторизации"""
"C:\Users\Home-PC\Desktop\noytrix-s54\app\auth\googleLogin.js","64","        // 1) Пробуем зайти через твой бэк"
"C:\Users\Home-PC\Desktop\noytrix-s54\app\auth\googleLogin.js","75","            Alert.alert(""Успех"", ""Вход через Google выполнен"");"
"C:\Users\Home-PC\Desktop\noytrix-s54\app\auth\googleLogin.js","89","        // 2) Фоллбэк — тянем профиль напрямую у Google"
"C:\Users\Home-PC\Desktop\noytrix-s54\app\auth\googleLogin.js","108","          ""Вход через Google выполнен (локальный профиль)"""
"C:\Users\Home-PC\Desktop\noytrix-s54\app\auth\googleLogin.js","126","        ""Ошибка запуска авторизации"","
"C:\Users\Home-PC\Desktop\noytrix-s54\app\auth\googleLogin.js","127","        String(e?.message || e || ""Не удалось открыть Google"")"
"C:\Users\Home-PC\Desktop\noytrix-s54\app\auth\googleLogin.js","147","      <Text style={{ color: ""#E9EEFF"", fontSize: 16 }}>Войти через Google</Text>"
"C:\Users\Home-PC\Desktop\noytrix-s54\app\auth\reset.js","19","      Alert.alert(""Готово"", ""Пароль обновлён. Войдите."");"
"C:\Users\Home-PC\Desktop\noytrix-s54\app\auth\reset.js","22","      Alert.alert(""Ошибка"", e.message || ""Не удалось обновить пароль"");"
"C:\Users\Home-PC\Desktop\noytrix-s54\app\auth\reset.js","29","        <Text style={s.title}>Новый пароль</Text>"
"C:\Users\Home-PC\Desktop\noytrix-s54\app\auth\reset.js","32","        <TextInput style={s.input} value={newPassword} onChangeText={setNewPassword} placeholder=""Новый пароль"" placeholderTextColor={t.soft} secureTextEntry/>"
"C:\Users\Home-PC\Desktop\noytrix-s54\app\auth\reset.js","33","        <TouchableOpacity style={s.btn} onPress={onConfirm}><Text style={s.btnText}>Сохранить</Text></TouchableOpacity>"
"C:\Users\Home-PC\Desktop\noytrix-s54\app\coach\topics\index.js","9","// Собираем все уроки в один массив"
"C:\Users\Home-PC\Desktop\noytrix-s54\app\coach\topics\index.js","11","  p2pAndKyc,      // первым — «вход в крипту»: регистрация/KYC/P2P"
"C:\Users\Home-PC\Desktop\noytrix-s54\app\coach\topics\index.js","12","  cryptoBasics,   // базовая теория"
"C:\Users\Home-PC\Desktop\noytrix-s54\app\coach\topics\index.js","13","  ordersRisk,     // ордера и риск-менеджмент"
"C:\Users\Home-PC\Desktop\noytrix-s54\app\coach\topics\index.js","14","  taFuturesPsych, // фьючерсы и психология"
"C:\Users\Home-PC\Desktop\noytrix-s54\app\coach\topics\topic-crypto-basics.js","2","// База: что такое блокчейн/монеты/кошельки/сети/комиссии/seed + мини-практика."
"C:\Users\Home-PC\Desktop\noytrix-s54\app\coach\topics\topic-defi-dex-lp.js","2","// DeFi: DEX/AMM, пулы ликвидности, IL, фарминг, бриджи, разрешения."
"C:\Users\Home-PC\Desktop\noytrix-s54\app\coach\topics\topic-orders-risk.js","2","// Спот-торговля: типы ордеров, стакан, IOC/FOK/OCO, maker/taker,"
"C:\Users\Home-PC\Desktop\noytrix-s54\app\coach\topics\topic-orders-risk.js","3","// риск-менеджмент и расчёт размера позиции."
"C:\Users\Home-PC\Desktop\noytrix-s54\app\coach\topics\topic-p2p-and-kyc.js","2","// «Настольная книга»: как зайти в крипту на примере Binance (на других биржах почти так же)"
"C:\Users\Home-PC\Desktop\noytrix-s54\app\i18n\index.js","45","  // чтобы на экране оставался ключ (как сейчас), но мы видели его и в логах"
"C:\Users\Home-PC\Desktop\noytrix-s54\app\lib\backend.js","3","// БАЗОВЫЙ ДОМЕН (без завершающего слеша)"
"C:\Users\Home-PC\Desktop\noytrix-s54\app\lib\backend.js","6","// Отдельные пути для модулей (удобно импортировать точечно)"
"C:\Users\Home-PC\Desktop\noytrix-s54\app\lib\backend.js","11","// Полные URL для auth и прочего (можно использовать как раньше через API.*)"
"C:\Users\Home-PC\Desktop\noytrix-s54\app\lib\backend.js","13","  // здоровье (можешь показывать “Бэкенд онлайн”)"
"C:\Users\Home-PC\Desktop\noytrix-s54\app\lib\backend.js","16","  // регистрация / логин"
"C:\Users\Home-PC\Desktop\noytrix-s54\app\lib\backend.js","22","  // сброс пароля"
"C:\Users\Home-PC\Desktop\noytrix-s54\app\lib\backend.js","29","  // календарь / события (GET с d1/d2/types/impact)"
"C:\Users\Home-PC\Desktop\noytrix-s54\app\lib\notifications.js","4","import { Platform } from ""react-native"";       // ← Alert убрал"
"C:\Users\Home-PC\Desktop\noytrix-s54\app\lib\notifications.js","22","      console.log(""[PUSH] WARNING: not a physical device, но продолжаем"");"
"C:\Users\Home-PC\Desktop\noytrix-s54\app\lib\notifications.js","25","    // права на уведомления"
"C:\Users\Home-PC\Desktop\noytrix-s54\app\lib\notifications.js","75","    // отправляем токен на бэкенд"
"C:\Users\Home-PC\Desktop\noytrix-s54\app\lib\reminders.js","6","  if (!ok) throw new Error(""Нет разрешения на уведомления"");"
"C:\Users\Home-PC\Desktop\noytrix-s54\app\lib\reminders.js","8","  if (isNaN(start.getTime())) throw new Error(""Некорректная дата события"");"
"C:\Users\Home-PC\Desktop\noytrix-s54\app\lib\reminders.js","11","  if (fireAt.getTime() < minFire) throw new Error(""Время напоминания уже прошло (UTC/тайзона?)"");"
"C:\Users\Home-PC\Desktop\noytrix-s54\app\news\index.js","45","  s = s.replace(/^[вЂ“\-вЂ”]?\s*РџРѕ С‚РµРјРµ:.*$/gim, """");"
"C:\Users\Home-PC\Desktop\noytrix-s54\app\news\index.js","111","    if (/^[\*\[\]\(\)\-вЂ“вЂ”вЂўВ·\.,\s]+$/.test(ln)) return false;"
"C:\Users\Home-PC\Desktop\noytrix-s54\app\news\index.js","140","    .split(/(?<=[.!?вЂ¦])\s+(?=[Рђ-РЇA-ZРЃВ«])/g)"
"C:\Users\Home-PC\Desktop\noytrix-s54\app\news\index.js","168","  if (s.length > 20000) s = s.slice(0, 20000) + ""вЂ¦"";"
"C:\Users\Home-PC\Desktop\noytrix-s54\app\news\view.js","14","          title: title ? String(title).slice(0, 40) : ""Р В Р’В Р вЂ™Р’В Р В РІР‚в„ўР вЂ™Р’В Р В Р’В Р Р†Р вЂљРІвЂћСћР В РІР‚в„ўР вЂ™Р’В Р В Р’В Р вЂ™Р’В Р В Р вЂ Р В РІР‚С™Р Р†РІР‚С›РЎС›Р В Р’В Р Р†Р вЂљРІвЂћСћР В РІР‚в„ўР вЂ™Р’В Р В Р’В Р вЂ™Р’В Р В РІР‚в„ўР вЂ™Р’В Р В Р’В Р В РІР‚В Р В Р’В Р Р†Р вЂљРЎв„ўР В Р вЂ Р Р†Р вЂљРЎвЂєР РЋРЎвЂєР В Р’В Р вЂ™Р’В Р В Р вЂ Р В РІР‚С™Р Р†РІР‚С›РЎС›Р В Р’В Р Р†Р вЂљРІвЂћСћР В РІР‚в„ўР вЂ™Р’В Р В Р’В Р вЂ™Р’В Р В РІР‚в„ўР вЂ™Р’В Р В Р’В Р Р†Р вЂљРІвЂћСћР В РІР‚в„ўР вЂ™Р’В Р В Р’В Р вЂ™Р’В Р В РІР‚в„ўР вЂ™Р’В Р В Р’В Р вЂ™Р’В Р В Р вЂ Р В РІР‚С™Р Р†РІР‚С›РІР‚вЂњР В Р’В Р вЂ™Р’В Р В РІР‚в„ўР вЂ™Р’В Р В Р’В Р вЂ™Р’В Р В Р’В Р Р†Р вЂљРІвЂћвЂ“Р В Р’В Р вЂ™Р’В Р В Р’В Р В РІР‚в„–Р В Р’В Р В РІР‚В Р В Р вЂ Р В РІР‚С™Р РЋРІР‚С”Р В Р Р‹Р РЋРІР‚С”Р В Р’В Р вЂ™Р’В Р В РІР‚в„ўР вЂ™Р’В Р В Р’В Р Р†Р вЂљРІвЂћСћР В РІР‚в„ўР вЂ™Р’В Р В Р’В Р вЂ™Р’В Р В Р вЂ Р В РІР‚С™Р Р†РІР‚С›РЎС›Р В Р’В Р Р†Р вЂљРІвЂћСћР В РІР‚в„ўР вЂ™Р’В Р В Р’В Р вЂ™Р’В Р В РІР‚в„ўР вЂ™Р’В Р В Р’В Р В РІР‚В Р В Р’В Р Р†Р вЂљРЎв„ўР В Р вЂ Р Р†Р вЂљРЎвЂєР РЋРЎвЂєР В Р’В Р вЂ™Р’В Р В Р вЂ Р В РІР‚С™Р Р†РІР‚С›РЎС›Р В Р’В Р Р†Р вЂљРІвЂћСћР В РІР‚в„ўР вЂ™Р’В Р В Р’В Р вЂ™Р’В Р В РІР‚в„ўР вЂ™Р’В Р В Р’В Р Р†Р вЂљРІвЂћСћР В РІР‚в„ўР вЂ™Р’В Р В Р’В Р вЂ™Р’В Р В РІР‚в„ўР вЂ™Р’В Р В Р’В Р вЂ™Р’В Р В Р вЂ Р В РІР‚С™Р Р†РІР‚С›РІР‚вЂњР В Р’В Р вЂ™Р’В Р В РІР‚в„ўР вЂ™Р’В Р В Р’В Р вЂ™Р’В Р В Р вЂ Р В РІР‚С™Р вЂ™Р’В Р В Р’В Р вЂ™Р’В Р В РІР‚в„ўР вЂ™Р’В Р В Р’В Р В РІР‚В Р В Р’В Р Р†Р вЂљРЎв„ўР В Р Р‹Р Р†РІР‚С›РЎС›Р В Р’В Р вЂ™Р’В Р В Р’В Р В РІР‚в„–Р В Р’В Р В Р вЂ№Р В Р вЂ Р В РІР‚С™Р РЋРІР‚СњР В Р’В Р вЂ™Р’В Р В РІР‚в„ўР вЂ™Р’В Р В Р’В Р Р†Р вЂљРІвЂћСћР В РІР‚в„ўР вЂ™Р’В Р В Р’В Р вЂ™Р’В Р В Р вЂ Р В РІР‚С™Р Р†РІР‚С›РЎС›Р В Р’В Р Р†Р вЂљРІвЂћСћР В РІР‚в„ўР вЂ™Р’В Р В Р’В Р вЂ™Р’В Р В РІР‚в„ўР вЂ™Р’В Р В Р’В Р В РІР‚В Р В Р’В Р Р†Р вЂљРЎв„ўР В Р вЂ Р Р†Р вЂљРЎвЂєР РЋРЎвЂєР В Р’В Р вЂ™Р’В Р В Р вЂ Р В РІР‚С™Р Р†РІР‚С›РЎС›Р В Р’В Р Р†Р вЂљРІвЂћСћР В РІР‚в„ўР вЂ™Р’В Р В Р’В Р вЂ™Р’В Р В РІР‚в„ўР вЂ™Р’В Р В Р’В Р Р†Р вЂљРІвЂћСћР В РІР‚в„ўР вЂ™Р’В Р В Р’В Р вЂ™Р’В Р В Р вЂ Р В РІР‚С™Р Р†РІР‚С›РЎС›Р В Р’В Р Р†Р вЂљРІвЂћСћР В РІР‚в„ўР вЂ™Р’В Р В Р’В Р вЂ™Р’В Р В РІР‚в„ўР вЂ™Р’В Р В Р’В Р вЂ™Р’В Р В Р вЂ Р В РІР‚С™Р вЂ™Р’В Р В Р’В Р вЂ™Р’В Р В РІР‚в„ўР вЂ™Р’В Р В Р’В Р В РІР‚В Р В Р’В Р Р†Р вЂљРЎв„ўР В Р Р‹Р Р†РІР‚С›РЎС›Р В Р’В Р вЂ™Р’В Р В Р вЂ Р В РІР‚С™Р Р†РІР‚С›РЎС›Р В Р’В Р Р†Р вЂљРІвЂћСћР В РІР‚в„ўР вЂ™Р’В Р В Р’В Р вЂ™Р’В Р В РІР‚в„ўР вЂ™Р’В Р В Р’В Р Р†Р вЂљРІвЂћСћР В РІР‚в„ўР вЂ™Р’В Р В Р’В Р вЂ™Р’В Р В Р вЂ Р В РІР‚С™Р Р†РІР‚С›РЎС›Р В Р’В Р Р†Р вЂљРІвЂћСћР В РІР‚в„ўР вЂ™Р’В Р В Р’В Р вЂ™Р’В Р В РІР‚в„ўР вЂ™Р’В Р В Р’В Р В РІР‚В Р В Р’В Р Р†Р вЂљРЎв„ўР В Р вЂ Р Р†Р вЂљРЎвЂєР РЋРЎвЂєР В Р’В Р вЂ™Р’В Р В Р вЂ Р В РІР‚С™Р Р†РІР‚С›РЎС›Р В Р’В Р Р†Р вЂљРІвЂћСћР В РІР‚в„ўР вЂ™Р’В Р В Р’В Р вЂ™Р’В Р В РІР‚в„ўР вЂ™Р’В Р В Р’В Р Р†Р вЂљРІвЂћСћР В РІР‚в„ўР вЂ™Р’В Р В Р’В Р вЂ™Р’В Р В РІР‚в„ўР вЂ™Р’В Р В Р’В Р вЂ™Р’В Р В Р вЂ Р В РІР‚С™Р Р†РІР‚С›РІР‚вЂњР В Р’В Р вЂ™Р’В Р В РІР‚в„ўР вЂ™Р’В Р В Р’В Р вЂ™Р’В Р В Р вЂ Р В РІР‚С™Р вЂ™Р’В Р В Р’В Р вЂ™Р’В Р В РІР‚в„ўР вЂ™Р’В Р В Р’В Р В РІР‚В Р В Р’В Р Р†Р вЂљРЎв„ўР В Р Р‹Р Р†РІР‚С›РЎС›Р В Р’В Р вЂ™Р’В Р В Р’В Р В РІР‚в„–Р В Р’В Р В Р вЂ№Р В Р вЂ Р В РІР‚С™Р РЋРІР‚СњР В Р’В Р вЂ™Р’В Р В РІР‚в„ўР вЂ™Р’В Р В Р’В Р Р†Р вЂљРІвЂћСћР В РІР‚в„ўР вЂ™Р’В Р В Р’В Р вЂ™Р’В Р В Р вЂ Р В РІР‚С™Р Р†РІР‚С›РЎС›Р В Р’В Р Р†Р вЂљРІвЂћСћР В РІР‚в„ўР вЂ™Р’В Р В Р’В Р вЂ™Р’В Р В РІР‚в„ўР вЂ™Р’В Р В Р’В Р Р†Р вЂљРІвЂћСћР В РІР‚в„ўР вЂ™Р’В Р В Р’В Р вЂ™Р’В Р В РІР‚в„ўР вЂ™Р’В Р В Р’В Р В РІР‚В Р В Р’В Р Р†Р вЂљРЎв„ўР В Р вЂ Р Р†Р вЂљРЎвЂєР Р†Р вЂљРІР‚СљР В Р’В Р вЂ™Р’В Р В РІР‚в„ўР вЂ™Р’В Р В Р’В Р Р†Р вЂљРІвЂћСћР В РІР‚в„ўР вЂ™Р’В Р В Р’В Р вЂ™Р’В Р В Р вЂ Р В РІР‚С™Р Р†РІР‚С›РЎС›Р В Р’В Р Р†Р вЂљРІвЂћСћР В РІР‚в„ўР вЂ™Р’В Р В Р’В Р вЂ™Р’В Р В РІР‚в„ўР вЂ™Р’В Р В Р’В Р вЂ™Р’В Р В Р’В Р Р†Р вЂљРІвЂћвЂ“Р В Р’В Р вЂ™Р’В Р В Р’В Р Р†Р вЂљР’В Р В Р’В Р вЂ™Р’В Р В Р вЂ Р В РІР‚С™Р РЋРІвЂћСћР В Р’В Р В Р вЂ№Р В Р Р‹Р Р†РІР‚С›РЎС›Р В Р’В Р вЂ™Р’В Р В РІР‚в„ўР вЂ™Р’В Р В Р’В Р Р†Р вЂљРІвЂћСћР В РІР‚в„ўР вЂ™Р’В Р В Р’В Р вЂ™Р’В Р В Р вЂ Р В РІР‚С™Р Р†РІР‚С›РЎС›Р В Р’В Р Р†Р вЂљРІвЂћСћР В РІР‚в„ўР вЂ™Р’В Р В Р’В Р вЂ™Р’В Р В РІР‚в„ўР вЂ™Р’В Р В Р’В Р Р†Р вЂљРІвЂћСћР В РІР‚в„ўР вЂ™Р’В Р В Р’В Р вЂ™Р’В Р В РІР‚в„ўР вЂ™Р’В Р В Р’В Р В РІР‚В Р В Р’В Р Р†Р вЂљРЎв„ўР В Р вЂ Р Р†Р вЂљРЎвЂєР Р†Р вЂљРІР‚СљР В Р’В Р вЂ™Р’В Р В РІР‚в„ўР вЂ™Р’В Р В Р’В Р Р†Р вЂљРІвЂћСћР В РІР‚в„ўР вЂ™Р’В Р В Р’В Р вЂ™Р’В Р В РІР‚в„ўР вЂ™Р’В Р В Р’В Р В РІР‚В Р В Р’В Р Р†Р вЂљРЎв„ўР В РІР‚в„ўР вЂ™Р’В Р В Р’В Р вЂ™Р’В Р В РІР‚в„ўР вЂ™Р’В Р В Р’В Р Р†Р вЂљРІвЂћСћР В РІР‚в„ўР вЂ™Р’В Р В Р’В Р вЂ™Р’В Р В Р’В Р Р†Р вЂљР’В Р В Р’В Р вЂ™Р’В Р В Р вЂ Р В РІР‚С™Р РЋРІвЂћСћР В Р’В Р В Р вЂ№Р В Р вЂ Р Р†Р вЂљРЎвЂєР РЋРЎвЂєР В Р’В Р вЂ™Р’В Р В РІР‚в„ўР вЂ™Р’В Р В Р’В Р вЂ™Р’В Р В Р’В Р Р†Р вЂљРІвЂћвЂ“Р В Р’В Р вЂ™Р’В Р В Р’В Р Р†Р вЂљР’В Р В Р’В Р В РІР‚В Р В Р’В Р Р†Р вЂљРЎв„ўР В Р Р‹Р Р†Р вЂљРЎвЂќР В Р’В Р В Р вЂ№Р В Р Р‹Р Р†Р вЂљРЎвЂќР В Р’В Р вЂ™Р’В Р В РІР‚в„ўР вЂ™Р’В Р В Р’В Р Р†Р вЂљРІвЂћСћР В РІР‚в„ўР вЂ™Р’В Р В Р’В Р вЂ™Р’В Р В Р вЂ Р В РІР‚С™Р Р†РІР‚С›РЎС›Р В Р’В Р Р†Р вЂљРІвЂћСћР В РІР‚в„ўР вЂ™Р’В Р В Р’В Р вЂ™Р’В Р В РІР‚в„ўР вЂ™Р’В Р В Р’В Р Р†Р вЂљРІвЂћСћР В РІР‚в„ўР вЂ™Р’В Р В Р’В Р вЂ™Р’В Р В РІР‚в„ўР вЂ™Р’В Р В Р’В Р В РІР‚В Р В Р’В Р Р†Р вЂљРЎв„ўР В Р вЂ Р Р†Р вЂљРЎвЂєР Р†Р вЂљРІР‚СљР В Р’В Р вЂ™Р’В Р В РІР‚в„ўР вЂ™Р’В Р В Р’В Р Р†Р вЂљРІвЂћСћР В РІР‚в„ўР вЂ™Р’В Р В Р’В Р вЂ™Р’В Р В Р вЂ Р В РІР‚С™Р Р†РІР‚С›РЎС›Р В Р’В Р Р†Р вЂљРІвЂћСћР В РІР‚в„ўР вЂ™Р’В Р В Р’В Р вЂ™Р’В Р В РІР‚в„ўР вЂ™Р’В Р В Р’В Р Р†Р вЂљРІвЂћСћР В РІР‚в„ўР вЂ™Р’В Р В Р’В Р вЂ™Р’В Р В Р’В Р Р†Р вЂљР’В Р В Р’В Р вЂ™Р’В Р В Р вЂ Р В РІР‚С™Р РЋРІвЂћСћР В Р’В Р Р†Р вЂљРІвЂћСћР В РІР‚в„ўР вЂ™Р’В°"","
"C:\Users\Home-PC\Desktop\noytrix-s54\app\theme\ThemeProvider.js","13","    primary: ""#ffb000"", // Р В РЎвЂўР РЋР вЂљР В Р’В°Р В Р вЂ¦Р В Р’В¶Р В Р’ВµР В Р вЂ Р РЋРІР‚в„–Р В Р’Вµ Р В Р’В·Р В Р’В°Р В РЎвЂ“Р В РЎвЂўР В Р’В»Р В РЎвЂўР В Р вЂ Р В РЎвЂќР В РЎвЂ/Р В РЎвЂќР В Р вЂ¦Р В РЎвЂўР В РЎвЂ”Р В РЎвЂќР В РЎвЂ"
"C:\Users\Home-PC\Desktop\noytrix-s54\app\_lib\notify.js","6","/** Гарантируем канал на Android */"
"C:\Users\Home-PC\Desktop\noytrix-s54\app\_lib\notify.js","10","    name: ""Календарь событий"","
"C:\Users\Home-PC\Desktop\noytrix-s54\app\_lib\notify.js","18","/** Запрос разрешений */"
"C:\Users\Home-PC\Desktop\noytrix-s54\app\_lib\notify.js","28","/** Сервисные ключи для хранения ID задач */"
"C:\Users\Home-PC\Desktop\noytrix-s54\app\_lib\notify.js","31","/** Прочитать/сохранить карту eventId -> [notifIds] */"
"C:\Users\Home-PC\Desktop\noytrix-s54\app\_lib\notify.js","49","/** Планирование уведомления за 30 минут до ISO-времени (utcISO) */"
"C:\Users\Home-PC\Desktop\noytrix-s54\app\_lib\notify.js","57","  if (fireDate.getTime() <= Date.now()) return null; // не планируем из прошлого"
"C:\Users\Home-PC\Desktop\noytrix-s54\app\_lib\notify.js","61","      title: `${event.tag || ""Событие""} через 30 мин`,"
"C:\Users\Home-PC\Desktop\noytrix-s54\app\_lib\notify.js","78","/** Массовое планирование: вернёт сколько запланировано */"
"C:\Users\Home-PC\Desktop\noytrix-s54\app\_lib\notify.js","83","      await cancelEventNotifs(ev.id); // пересоздаём"
"C:\Users\Home-PC\Desktop\noytrix-s54\app\_lib\pro-context.tsx","49","      // После возврата из Google — пробуем восстановить и поставить флаг"
"C:\Users\Home-PC\Desktop\noytrix-s54\app\_lib\pro-context.tsx","54","        Alert.alert(""Спасибо!"", ""PRO активирован."");"
"C:\Users\Home-PC\Desktop\noytrix-s54\app\_lib\pro-context.tsx","56","        Alert.alert(""Покупка"", ""Не удалось подтвердить покупку."");"
"C:\Users\Home-PC\Desktop\noytrix-s54\app\_lib\pro-context.tsx","70","      Alert.alert(""Ошибка"", ""Не удалось проверить покупки."");"
"C:\Users\Home-PC\Desktop\noytrix-s54\app\_lib\ProRouteGate.tsx","6","/** Если путь из списка платных — без PRO редиректим на paywall */"
"C:\Users\Home-PC\Desktop\noytrix-s54\app\calculator.js","26","// === единый источник адреса бэка ==="
"C:\Users\Home-PC\Desktop\noytrix-s54\app\calculator.js","44","  const url = `${BACKEND}${CHAT_PATH}`; // например https://noytrix.com + /api/chat"
"C:\Users\Home-PC\Desktop\noytrix-s54\app\calculator.js","63","    // если сервер вернул ошибку — покажем понятное сообщение"
"C:\Users\Home-PC\Desktop\noytrix-s54\app\calculator.js","67","        `Ошибка сервера (${res.status}) ${"
"C:\Users\Home-PC\Desktop\noytrix-s54\app\calculator.js","79","    // если по какой-то причине пришёл не тот формат"
"C:\Users\Home-PC\Desktop\noytrix-s54\app\coach.js","18","import TOPICS from ""./coach/topics""; // <-- реестр тем (app/coach/topics/index.js)"
"C:\Users\Home-PC\Desktop\noytrix-s54\app\coach.js","19","import { useAuthStore } from ""./lib/store.auth""; // общий стор, как в профиле"
"C:\Users\Home-PC\Desktop\noytrix-s54\app\coach.js","34","// === Хранилище (как было) ==="
"C:\Users\Home-PC\Desktop\noytrix-s54\app\coach.js","60","// === Публичные хелперы (как было) ==="
"C:\Users\Home-PC\Desktop\noytrix-s54\app\coach.js","72","/* ===== Мост в профиль (история/ачивки) ===== */"
"C:\Users\Home-PC\Desktop\noytrix-s54\app\coach.js","85","const HK = (uid) => `profile.${uid}:history`; // история профиля"
"C:\Users\Home-PC\Desktop\noytrix-s54\app\coach.js","86","const AK = (uid) => `profile.${uid}:achievements`; // ачивки профиля"
"C:\Users\Home-PC\Desktop\noytrix-s54\app\coach.js","107","    // не дублируем один и тот же код"
"C:\Users\Home-PC\Desktop\noytrix-s54\app\coach.js","120","  const [open, setOpen] = useState(null); // id открытого урока"
"C:\Users\Home-PC\Desktop\noytrix-s54\app\coach.js","167","        {/* Заголовок/описание через i18n */}"
"C:\Users\Home-PC\Desktop\noytrix-s54\app\coach.js","187","        {/* Список уроков */}"
"C:\Users\Home-PC\Desktop\noytrix-s54\app\coach.js","302","/* ===== Модалка урока ===== */"
"C:\Users\Home-PC\Desktop\noytrix-s54\app\explain-pro.js","87","  // ref для картинки share (как в spot.js)"
"C:\Users\Home-PC\Desktop\noytrix-s54\app\explain-pro.js","123","      setErr(""Введи тикер, например BTC."");"
"C:\Users\Home-PC\Desktop\noytrix-s54\app\explain-pro.js","128","      setErr(""Монеты нет на спотовом рынке Binance."");"
"C:\Users\Home-PC\Desktop\noytrix-s54\app\explain-pro.js","142","      // относительная сила к BTC (через CoinGecko)"
"C:\Users\Home-PC\Desktop\noytrix-s54\app\explain-pro.js","169","      setErr(""Не удалось получить данные. Попробуй позже."");"
"C:\Users\Home-PC\Desktop\noytrix-s54\app\explain-pro.js","179","      setErr2(""Введи тикер, например ETH."");"
"C:\Users\Home-PC\Desktop\noytrix-s54\app\explain-pro.js","184","      setErr2(""Монеты нет на спотовом рынке Binance."");"
"C:\Users\Home-PC\Desktop\noytrix-s54\app\explain-pro.js","198","      setErr2(""Не удалось получить данные по 2-му тикеру."");"
"C:\Users\Home-PC\Desktop\noytrix-s54\app\explain-pro.js","386","            Расширенный разбор: RSI/EMA, вероятности движения, индекс риска,"
"C:\Users\Home-PC\Desktop\noytrix-s54\app\explain-pro.js","387","            профиль монеты, расстояние до ATH/ATL и сравнение с BTC."
"C:\Users\Home-PC\Desktop\noytrix-s54\app\explain-pro.js","392","            <Text style={st.h2}>Режим анализа</Text>"
"C:\Users\Home-PC\Desktop\noytrix-s54\app\explain-pro.js","409","            <Text style={st.h2}>Быстрый выбор</Text>"
"C:\Users\Home-PC\Desktop\noytrix-s54\app\explain-pro.js","435","                <Text style={st.h2}>Индикаторы</Text>"
"C:\Users\Home-PC\Desktop\noytrix-s54\app\explain-pro.js","436","                <Indicator label=""Тренд (24ч)"" state={view.indTrend} />"
"C:\Users\Home-PC\Desktop\noytrix-s54\app\explain-pro.js","545","                    label=""Уровни суток"""
"C:\Users\Home-PC\Desktop\noytrix-s54\app\explain-pro.js","546","                    value={`Поддержка ~$${fmtNum("
"C:\Users\Home-PC\Desktop\noytrix-s54\app\explain-pro.js","548","                    )} / Сопротивление ~$${fmtNum(view.high)}`}"
"C:\Users\Home-PC\Desktop\noytrix-s54\app\explain-pro.js","550","                  {/* Кнопка ""Сохранить заметку в профиль"" убрана по ТЗ */}"
"C:\Users\Home-PC\Desktop\noytrix-s54\app\explain-pro.js","554","              {/* Тестер стратегии */}"
"C:\Users\Home-PC\Desktop\noytrix-s54\app\explain-pro.js","560","                      <Text style={st.h2}>Тестер стратегии (7д)</Text>"
"C:\Users\Home-PC\Desktop\noytrix-s54\app\explain-pro.js","563","                        label=""PnL (ретроспектива)"""
"C:\Users\Home-PC\Desktop\noytrix-s54\app\explain-pro.js","568","                        Черновая оценка, как работала простая стратегия"
"C:\Users\Home-PC\Desktop\noytrix-s54\app\explain-pro.js","569","                        пересечения EMA20/50 за последние 7 дней. Не"
"C:\Users\Home-PC\Desktop\noytrix-s54\app\explain-pro.js","570","                        воспринимай как гарантию будущей доходности."
"C:\Users\Home-PC\Desktop\noytrix-s54\app\explain-pro.js","576","              {/* История PRO-просмотров по этой монете */}"
"C:\Users\Home-PC\Desktop\noytrix-s54\app\explain-pro.js","579","                  <Text style={st.h2}>Твоя история по этой монете</Text>"
"C:\Users\Home-PC\Desktop\noytrix-s54\app\explain-pro.js","623","                    PRO сохраняет последние запросы по тикеру, чтобы ты видел,"
"C:\Users\Home-PC\Desktop\noytrix-s54\app\explain-pro.js","624","                    как менялись условия по монете во времени."
"C:\Users\Home-PC\Desktop\noytrix-s54\app\explain-pro.js","629","              {/* Блок ""Напомнить проверить"" полностью убран по ТЗ */}"
"C:\Users\Home-PC\Desktop\noytrix-s54\app\explain-pro.js","633","          {/* Сравнение тикеров */}"
"C:\Users\Home-PC\Desktop\noytrix-s54\app\explain-pro.js","635","            <Text style={st.h2}>Сравнение тикеров</Text>"
"C:\Users\Home-PC\Desktop\noytrix-s54\app\explain-pro.js","737","          {/* Подсказка, если ещё ничего не загрузили */}"
"C:\Users\Home-PC\Desktop\noytrix-s54\app\explain-pro.js","742","                Введи тикер — получишь вероятности движения, индекс риска,"
"C:\Users\Home-PC\Desktop\noytrix-s54\app\explain-pro.js","743","                EMA/RSI, профиль монеты по капитализации, расстояние до"
"C:\Users\Home-PC\Desktop\noytrix-s54\app\explain-pro.js","744","                ATH/ATL, относительную силу к BTC и сравнение с другим тикером."
"C:\Users\Home-PC\Desktop\noytrix-s54\app\explain-pro.js","746","                рынке."
"C:\Users\Home-PC\Desktop\noytrix-s54\app\explain-pro.js","883","  // Кнопка share в стиле spot.js, но под эту страницу"
"C:\Users\Home-PC\Desktop\noytrix-s54\app\explain-pro.js","901","  // Canvas для картинки, как в spot.js"
"C:\Users\Home-PC\Desktop\noytrix-s54\app\explain.js","13","import { Ionicons } from ""@expo/vector-icons"";      // ✅ правильный импорт"
"C:\Users\Home-PC\Desktop\noytrix-s54\app\explain.js","21","/* ===== Градиент и тема ===== */"
"C:\Users\Home-PC\Desktop\noytrix-s54\app\explain.js","34","/* ===== Карточка с блюром ===== */"
"C:\Users\Home-PC\Desktop\noytrix-s54\app\explain.js","55","// ----- форматтеры -----"
"C:\Users\Home-PC\Desktop\noytrix-s54\app\explain.js","109","// ----- эвристики/индикаторы (остаются на русском внутри) -----"
"C:\Users\Home-PC\Desktop\noytrix-s54\app\explain.js","118","  let label = ""Нейтрально"";"
"C:\Users\Home-PC\Desktop\noytrix-s54\app\explain.js","121","    label = ""Скорее бычий импульс"";"
"C:\Users\Home-PC\Desktop\noytrix-s54\app\explain.js","124","    label = ""Слабость / повышенный риск"";"
"C:\Users\Home-PC\Desktop\noytrix-s54\app\explain.js","131","  if (badCond(v)) return { color: T.bad, text: ""Красный"" };"
"C:\Users\Home-PC\Desktop\noytrix-s54\app\explain.js","132","  return { color: T.dim, text: ""Нейтрально"" };"
"C:\Users\Home-PC\Desktop\noytrix-s54\app\explain.js","136","  const dir24 = v.change24h >= 0 ? ""растёт"" : ""снижается"";"
"C:\Users\Home-PC\Desktop\noytrix-s54\app\explain.js","143","  let liq = ""умеренная"";"
"C:\Users\Home-PC\Desktop\noytrix-s54\app\explain.js","174","    if (both) lines.push(`Среднесрочно: ${both}.`);"
"C:\Users\Home-PC\Desktop\noytrix-s54\app\explain.js","179","      ? ""риск высокий — входить аккуратно/дробно"""
"C:\Users\Home-PC\Desktop\noytrix-s54\app\explain.js","180","      : ""риск умеренный — работать со стопом"";"
"C:\Users\Home-PC\Desktop\noytrix-s54\app\explain.js","188","        v.ema20 > v.ema50 ? ""локальный импульс вверх"" : ""слабость/баланс"""
"C:\Users\Home-PC\Desktop\noytrix-s54\app\explain.js","191","          ? ""перекупленность"""
"C:\Users\Home-PC\Desktop\noytrix-s54\app\explain.js","193","          ? ""перепроданность"""
"C:\Users\Home-PC\Desktop\noytrix-s54\app\explain.js","194","          : ""нормальный фон"""
"C:\Users\Home-PC\Desktop\noytrix-s54\app\explain.js","200","    lines.push(`История: ATH $${fmtNum(v.ath)}, ATL $${fmtNum(v.atl)}.`);"
"C:\Users\Home-PC\Desktop\noytrix-s54\app\explain.js","205","      ? ""Идея: ждать консолидацию и подтверждение объёма для входа по тренду."""
"C:\Users\Home-PC\Desktop\noytrix-s54\app\explain.js","207","      ? ""Идея: краткосрок от уровней или пауза до разворотных сигналов."""
"C:\Users\Home-PC\Desktop\noytrix-s54\app\explain.js","208","      : ""Идея: дождаться ясного диапазона/баланса и работать от него."";"
"C:\Users\Home-PC\Desktop\noytrix-s54\app\explain.js","214","/* ===== История в профиль ===== */"
"C:\Users\Home-PC\Desktop\noytrix-s54\app\explain.js","271","  // если PRO есть → открываем /explain-pro, иначе — общий экран PRO тарифа"
"C:\Users\Home-PC\Desktop\noytrix-s54\app\explain.js","329","      // запись истории"
"C:\Users\Home-PC\Desktop\noytrix-s54\app\explain.js","609","          {/* Если нет результата — инструкция + PRO карточка */}"
"C:\Users\Home-PC\Desktop\noytrix-s54\app\explain.js","661","          {/* Глоссарий */}"
"C:\Users\Home-PC\Desktop\noytrix-s54\app\explain.js","707","// Row с переносами (как у тебя было)"
"C:\Users\Home-PC\Desktop\noytrix-s54\app\settings.js","70","  BIOMETRY: ""settings.biometry"", // bool (РЎвЂљР С•Р В»РЎРЉР С”Р С• РЎвЂћР В»Р В°Р В¶Р С•Р С”; Р В±Р ВµР В· Р С—РЎР‚Р С‘Р Р†РЎРЏР В·Р С”Р С‘ Р С” Р Р…Р В°РЎвЂљР С‘Р Р†Р Р…РЎвЂ№Р С API)"
"C:\Users\Home-PC\Desktop\noytrix-s54\app\settings.js","165","      Alert.alert(""Р РЋР С•РЎвЂ¦РЎР‚Р В°Р Р…Р ВµР Р…Р С•"", ""Р СњР В°РЎРѓРЎвЂљРЎР‚Р С•Р в„–Р С”Р С‘ Р С•Р В±Р Р…Р С•Р Р†Р В»Р ВµР Р…РЎвЂ№."");"
"C:\Users\Home-PC\Desktop\noytrix-s54\app\settings.js","167","      Alert.alert(""Р С›РЎв‚¬Р С‘Р В±Р С”Р В°"", ""Р СњР Вµ РЎС“Р Т‘Р В°Р В»Р С•РЎРѓРЎРЉ РЎРѓР С•РЎвЂ¦РЎР‚Р В°Р Р…Р С‘РЎвЂљРЎРЉ Р Р…Р В°РЎРѓРЎвЂљРЎР‚Р С•Р в„–Р С”Р С‘."");"
"C:\Users\Home-PC\Desktop\noytrix-s54\app\settings.js","210","        title: ""Р В­Р С”РЎРѓР С—Р С•РЎР‚РЎвЂљ Р Р…Р В°РЎРѓРЎвЂљРЎР‚Р С•Р ВµР С” Noytrix"","
"C:\Users\Home-PC\Desktop\noytrix-s54\app\settings.js","251","      Alert.alert(""Р ВР СР С—Р С•РЎР‚РЎвЂљР С‘РЎР‚Р С•Р Р†Р В°Р Р…Р С•"", ""Р СџРЎР‚Р С•Р Р†Р ВµРЎР‚РЎРЉ Р С‘ Р Р…Р В°Р В¶Р СР С‘ Р’В«Р РЋР С•РЎвЂ¦РЎР‚Р В°Р Р…Р С‘РЎвЂљРЎРЉР’В» Р Т‘Р В»РЎРЏ Р В·Р В°Р С—Р С‘РЎРѓР С‘."");"
"C:\Users\Home-PC\Desktop\noytrix-s54\app\settings.js","253","      Alert.alert(""Р С›РЎв‚¬Р С‘Р В±Р С”Р В°"", ""Р СњР ВµР Р†Р ВµРЎР‚Р Р…РЎвЂ№Р в„– JSON Р Т‘Р В»РЎРЏ Р С‘Р СР С—Р С•РЎР‚РЎвЂљР В°."");"
"C:\Users\Home-PC\Desktop\noytrix-s54\app\settings.js","259","    Alert.alert(""Р РЋР В±РЎР‚Р С•РЎРѓР С‘РЎвЂљРЎРЉ Р Р…Р В°РЎРѓРЎвЂљРЎР‚Р С•Р в„–Р С”Р С‘?"", ""Р вЂ™Р ВµРЎР‚Р Р…РЎС“РЎвЂљРЎРѓРЎРЏ Р В·Р В°Р Р†Р С•Р Т‘РЎРѓР С”Р С‘Р Вµ Р В·Р Р…Р В°РЎвЂЎР ВµР Р…Р С‘РЎРЏ."", ["
"C:\Users\Home-PC\Desktop\noytrix-s54\app\settings.js","260","      { text: ""Р С›РЎвЂљР СР ВµР Р…Р В°"", style: ""cancel"" },"
"C:\Users\Home-PC\Desktop\noytrix-s54\app\settings.js","262","        text: ""Р РЋР В±РЎР‚Р С•РЎРѓР С‘РЎвЂљРЎРЉ"","
"C:\Users\Home-PC\Desktop\noytrix-s54\app\settings.js","295","          ""Р В Р В°Р В·РЎР‚Р ВµРЎв‚¬Р С‘РЎвЂљР Вµ РЎС“Р Р†Р ВµР Т‘Р С•Р СР В»Р ВµР Р…Р С‘РЎРЏ Р Р† РЎРѓР С‘РЎРѓРЎвЂљР ВµР СР Вµ, РЎвЂЎРЎвЂљР С•Р В±РЎвЂ№ Р С—Р С•Р В»РЎС“РЎвЂЎР В°РЎвЂљРЎРЉ Р В°Р В»Р ВµРЎР‚РЎвЂљРЎвЂ№."""
"C:\Users\Home-PC\Desktop\noytrix-s54\app\settings.js","306","        <Text style={s.title}>Р СњР В°РЎРѓРЎвЂљРЎР‚Р С•Р в„–Р С”Р С‘</Text>"
"C:\Users\Home-PC\Desktop\noytrix-s54\app\settings.js","308","          Р СћР С•Р Р…Р С”Р В°РЎРЏ Р Р…Р В°РЎРѓРЎвЂљРЎР‚Р С•Р в„–Р С”Р В° Р С—РЎР‚Р С‘Р В»Р С•Р В¶Р ВµР Р…Р С‘РЎРЏ: РЎРЏР В·РЎвЂ№Р С”, РЎвЂљР ВµР СР В°, Р Т‘Р В°Р Р…Р Р…РЎвЂ№Р Вµ РЎР‚РЎвЂ№Р Р…Р С”Р В°, РЎС“Р Р†Р ВµР Т‘Р С•Р СР В»Р ВµР Р…Р С‘РЎРЏ Р С‘ Р С—РЎР‚Р С‘Р Р†Р В°РЎвЂљР Р…Р С•РЎРѓРЎвЂљРЎРЉ."
"C:\Users\Home-PC\Desktop\noytrix-s54\app\settings.js","314","            Р вЂ™Р Р…Р ВµРЎв‚¬Р Р…Р С‘Р в„– Р Р†Р С‘Р Т‘"
"C:\Users\Home-PC\Desktop\noytrix-s54\app\settings.js","320","              Р СћРЎвЂР СР Р…Р В°РЎРЏ"
"C:\Users\Home-PC\Desktop\noytrix-s54\app\settings.js","327","          <Label style={{ marginTop: 12 }}>Р Р‡Р В·РЎвЂ№Р С” Р С‘Р Р…РЎвЂљР ВµРЎР‚РЎвЂћР ВµР в„–РЎРѓР В°</Label>"
"C:\Users\Home-PC\Desktop\noytrix-s54\app\settings.js","336","          <Label style={{ marginTop: 12 }}>Р вЂ™Р В°Р В»РЎР‹РЎвЂљР В°</Label>"
"C:\Users\Home-PC\Desktop\noytrix-s54\app\settings.js","349","            Р вЂќР В°Р Р…Р Р…РЎвЂ№Р Вµ РЎР‚РЎвЂ№Р Р…Р С”Р В°"
"C:\Users\Home-PC\Desktop\noytrix-s54\app\settings.js","352","          <Label>Р С’Р Р†РЎвЂљР С•Р С•Р В±Р Р…Р С•Р Р†Р В»Р ВµР Р…Р С‘Р Вµ РЎвЂ Р ВµР Р… (РЎРѓР ВµР С”.)</Label>"
"C:\Users\Home-PC\Desktop\noytrix-s54\app\settings.js","359","          <Label style={{ marginTop: 12 }}>Р С›Р В±Р Р…Р С•Р Р†Р В»Р ВµР Р…Р С‘Р Вµ Р Р…Р С•Р Р†Р С•РЎРѓРЎвЂљР ВµР в„– (Р СР С‘Р Р….)</Label>"
"C:\Users\Home-PC\Desktop\noytrix-s54\app\settings.js","367","            label=""Р В­Р С”Р С•Р Р…Р С•Р СР С‘РЎРЏ РЎвЂљРЎР‚Р В°РЎвЂћР С‘Р С”Р В° (Р СР ВµР Р…РЎРЉРЎв‚¬Р Вµ РЎвЂћР С•Р Р…Р С•Р Р†РЎвЂ№РЎвЂ¦ Р В·Р В°Р С—РЎР‚Р С•РЎРѓР С•Р Р†)"""
"C:\Users\Home-PC\Desktop\noytrix-s54\app\settings.js","376","            Р Р€Р Т‘Р С•Р В±РЎРѓРЎвЂљР Р†Р С•"
"C:\Users\Home-PC\Desktop\noytrix-s54\app\settings.js","379","          <LineSwitch label=""Р вЂ™Р С‘Р В±РЎР‚Р С•Р С•РЎвЂљР С”Р В»Р С‘Р С”"" value={haptics} onValueChange={setHaptics} />"
"C:\Users\Home-PC\Desktop\noytrix-s54\app\settings.js","380","          <LineSwitch label=""Р вЂ”Р Р†РЎС“Р С”Р С‘ Р С‘Р Р…РЎвЂљР ВµРЎР‚РЎвЂћР ВµР в„–РЎРѓР В°"" value={sounds} onValueChange={setSounds} />"
"C:\Users\Home-PC\Desktop\noytrix-s54\app\settings.js","382","          <Label style={{ marginTop: 12 }}>Р РЋРЎвЂљР В°РЎР‚РЎвЂљР С•Р Р†РЎвЂ№Р в„– РЎРЊР С”РЎР‚Р В°Р Р…</Label>"
"C:\Users\Home-PC\Desktop\noytrix-s54\app\settings.js","385","              [""home"", ""Р вЂњР В»Р В°Р Р†Р Р…Р В°РЎРЏ""],"
"C:\Users\Home-PC\Desktop\noytrix-s54\app\settings.js","387","              [""profile"", ""Р СџРЎР‚Р С•РЎвЂћР С‘Р В»РЎРЉ""],"
"C:\Users\Home-PC\Desktop\noytrix-s54\app\settings.js","388","              [""settings"", ""Р СњР В°РЎРѓРЎвЂљРЎР‚Р С•Р в„–Р С”Р С‘""],"
"C:\Users\Home-PC\Desktop\noytrix-s54\app\settings.js","390","              [""futures"", ""Р В¤РЎРЉРЎР‹РЎвЂЎР ВµРЎР‚РЎРѓРЎвЂ№""],"
"C:\Users\Home-PC\Desktop\noytrix-s54\app\settings.js","398","          <Label style={{ marginTop: 12 }}>Р вЂР С‘РЎР‚Р В¶Р В° Р С—Р С• РЎС“Р СР С•Р В»РЎвЂЎР В°Р Р…Р С‘РЎР‹</Label>"
"C:\Users\Home-PC\Desktop\noytrix-s54\app\settings.js","415","            Р СџРЎР‚Р С‘Р Р†Р В°РЎвЂљР Р…Р С•РЎРѓРЎвЂљРЎРЉ Р С‘ Р В±Р ВµР В·Р С•Р С—Р В°РЎРѓР Р…Р С•РЎРѓРЎвЂљРЎРЉ"
"C:\Users\Home-PC\Desktop\noytrix-s54\app\settings.js","419","            label=""Р вЂ”Р В°РЎвЂ°Р С‘РЎвЂљР В° Р Р†РЎвЂ¦Р С•Р Т‘Р В° (РЎвЂћР В»Р В°Р С–, РЎвЂљРЎР‚Р ВµР В±РЎС“Р ВµРЎвЂљ Р В±Р С‘Р С•Р СР ВµРЎвЂљРЎР‚Р С‘РЎР‹ Р Р† РЎРѓР В±Р С•РЎР‚Р С”Р Вµ)"""
"C:\Users\Home-PC\Desktop\noytrix-s54\app\settings.js","425","            Р вЂќР В»РЎРЏ Р В±Р С‘Р С•Р СР ВµРЎвЂљРЎР‚Р С‘Р С‘/Р С—Р С‘Р Р…-Р С”Р С•Р Т‘Р В° Р С—Р С•РЎвЂљРЎР‚Р ВµР В±РЎС“Р ВµРЎвЂљРЎРѓРЎРЏ Р Р…Р В°РЎвЂљР С‘Р Р†Р Р…Р В°РЎРЏ Р С‘Р Р…РЎвЂљР ВµР С–РЎР‚Р В°РЎвЂ Р С‘РЎРЏ. Р вЂ”Р Т‘Р ВµРЎРѓРЎРЉ Р Р†Р С”Р В»РЎР‹РЎвЂЎР В°Р ВµРЎвЂљРЎРѓРЎРЏ РЎвЂљР С•Р В»РЎРЉР С”Р С•"
"C:\Users\Home-PC\Desktop\noytrix-s54\app\settings.js","426","            Р С—РЎР‚Р С•Р С–РЎР‚Р В°Р СР СР Р…РЎвЂ№Р в„– РЎвЂћР В»Р В°Р С–."
"C:\Users\Home-PC\Desktop\noytrix-s54\app\settings.js","433","            Р В­Р С”РЎРѓР С—Р С•РЎР‚РЎвЂљ/Р ВР СР С—Р С•РЎР‚РЎвЂљ"
"C:\Users\Home-PC\Desktop\noytrix-s54\app\settings.js","436","          <Btn onPress={onExport}>Р В­Р С”РЎРѓР С—Р С•РЎР‚РЎвЂљР С‘РЎР‚Р С•Р Р†Р В°РЎвЂљРЎРЉ Р Р…Р В°РЎРѓРЎвЂљРЎР‚Р С•Р в„–Р С”Р С‘ (JSON)</Btn>"
"C:\Users\Home-PC\Desktop\noytrix-s54\app\settings.js","438","          <Label style={{ marginTop: 10 }}>Р ВР СР С—Р С•РЎР‚РЎвЂљ Р С‘Р В· JSON</Label>"
"C:\Users\Home-PC\Desktop\noytrix-s54\app\settings.js","442","            placeholder='Р вЂ™РЎРѓРЎвЂљР В°Р Р†РЎРЉ РЎРѓРЎР‹Р Т‘Р В° JSON Р С‘ Р Р…Р В°Р В¶Р СР С‘ Р’В«Р ВР СР С—Р С•РЎР‚РЎвЂљР С‘РЎР‚Р С•Р Р†Р В°РЎвЂљРЎРЉР’В»'"
"C:\Users\Home-PC\Desktop\noytrix-s54\app\settings.js","447","            Р ВР СР С—Р С•РЎР‚РЎвЂљР С‘РЎР‚Р С•Р Р†Р В°РЎвЂљРЎРЉ (Р С—РЎР‚Р ВµР Т‘Р С—РЎР‚Р С•РЎРѓР СР С•РЎвЂљРЎР‚)"
"C:\Users\Home-PC\Desktop\noytrix-s54\app\settings.js","451","            Р РЋР В±РЎР‚Р С•РЎРѓР С‘РЎвЂљРЎРЉ Р С” Р В·Р В°Р Р†Р С•Р Т‘РЎРѓР С”Р С‘Р С"
"C:\Users\Home-PC\Desktop\noytrix-s54\app\settings.js","458","            Р В­Р С”РЎРѓР С—Р ВµРЎР‚Р С‘Р СР ВµР Р…РЎвЂљР В°Р В»РЎРЉР Р…РЎвЂ№Р Вµ РЎвЂћРЎС“Р Р…Р С”РЎвЂ Р С‘Р С‘"
"C:\Users\Home-PC\Desktop\noytrix-s54\app\settings.js","462","            label=""Р вЂ™Р С”Р В»РЎР‹РЎвЂЎР С‘РЎвЂљРЎРЉ РЎРЊР С”РЎРѓР С—Р ВµРЎР‚Р С‘Р СР ВµР Р…РЎвЂљР В°Р В»РЎРЉР Р…РЎвЂ№Р Вµ РЎвЂћРЎС“Р Р…Р С”РЎвЂ Р С‘Р С‘"""
"C:\Users\Home-PC\Desktop\noytrix-s54\app\settings.js","467","            Р СљР С•Р В¶Р ВµРЎвЂљ РЎРѓР С•Р Т‘Р ВµРЎР‚Р В¶Р В°РЎвЂљРЎРЉ РЎРѓРЎвЂ№РЎР‚Р С•Р в„– РЎвЂћРЎС“Р Р…Р С”РЎвЂ Р С‘Р С•Р Р…Р В°Р В». Р вЂ™Р С”Р В»РЎР‹РЎвЂЎР В°Р в„–, Р ВµРЎРѓР В»Р С‘ Р С–Р С•РЎвЂљР С•Р Р† Р С” Р Р…Р ВµР С•Р В¶Р С‘Р Т‘Р В°Р Р…Р Р…Р С•РЎРѓРЎвЂљРЎРЏР С ??"
"C:\Users\Home-PC\Desktop\noytrix-s54\app\settings.js","473","          {saving ? ""Р РЋР С•РЎвЂ¦РЎР‚Р В°Р Р…РЎРЏРЎР‹РІР‚В¦"" : ""Р РЋР С•РЎвЂ¦РЎР‚Р В°Р Р…Р С‘РЎвЂљРЎРЉ Р С‘Р В·Р СР ВµР Р…Р ВµР Р…Р С‘РЎРЏ""}"
"C:\Users\Home-PC\Desktop\noytrix-s54\app\shield-pro.js","56","/* ====== Примеры ====== */"
"C:\Users\Home-PC\Desktop\noytrix-s54\app\shield-pro.js","71","/* ====== История ====== */"
"C:\Users\Home-PC\Desktop\noytrix-s54\app\shield-pro.js","86","/* ====== Локальные эвристики ====== */"
"C:\Users\Home-PC\Desktop\noytrix-s54\app\shield-pro.js","99","      ""Проверяйте домен и никогда не вводите seed-фразу."""
"C:\Users\Home-PC\Desktop\noytrix-s54\app\shield-pro.js","124","        `Найдены триггеры безопасности: ${walletHits.join("", "")}`,"
"C:\Users\Home-PC\Desktop\noytrix-s54\app\shield-pro.js","132","        ""Никогда не вводите seed-фразу / приватные ключи."""
"C:\Users\Home-PC\Desktop\noytrix-s54\app\shield-pro.js","142","      tt(""shieldPro.heuristics.noHttps"", ""Сайт использует незашифрованный HTTP."")"
"C:\Users\Home-PC\Desktop\noytrix-s54\app\shield-pro.js","177","      tt(""shieldPro.heuristics.tag.phishingSupport"", ""Фишинг поддержка"")"
"C:\Users\Home-PC\Desktop\noytrix-s54\app\shield-pro.js","190","        ""Airdrop/bonus — приманочная лексика."""
"C:\Users\Home-PC\Desktop\noytrix-s54\app\shield-pro.js","215","        ""Подозрительное доменное расширение."""
"C:\Users\Home-PC\Desktop\noytrix-s54\app\shield-pro.js","231","        ""Подозрительных факторов мало (локальная проверка)."""
"C:\Users\Home-PC\Desktop\noytrix-s54\app\shield-pro.js","255","          ""Локальная эвристика на устройстве"""
"C:\Users\Home-PC\Desktop\noytrix-s54\app\shield-pro.js","278","/* ====== Глубокая клиентская проверка (сеть/контент) ====== */"
"C:\Users\Home-PC\Desktop\noytrix-s54\app\shield-pro.js","319","        ""не проверено"""
"C:\Users\Home-PC\Desktop\noytrix-s54\app\shield-pro.js","361","          ""Не удалось загрузить страницу (таймаут/блокировка)."""
"C:\Users\Home-PC\Desktop\noytrix-s54\app\shield-pro.js","386","            ""Адрес/контракт найден на Etherscan"""
"C:\Users\Home-PC\Desktop\noytrix-s54\app\shield-pro.js","402","            ""Адрес/контракт найден на BscScan"""
"C:\Users\Home-PC\Desktop\noytrix-s54\app\shield-pro.js","415","/* ====== Склейка результатов ====== */"
"C:\Users\Home-PC\Desktop\noytrix-s54\app\shield-pro.js","467","          ""Много скриптов — возможны инъекции/майнинг."""
"C:\Users\Home-PC\Desktop\noytrix-s54\app\shield-pro.js","476","          ""Найдены iframe — иногда для подмены интерфейса."""
"C:\Users\Home-PC\Desktop\noytrix-s54\app\shield-pro.js","485","          `Контент-триггеры: ${network.contentHits.join("", "")}`,"
"C:\Users\Home-PC\Desktop\noytrix-s54\app\shield-pro.js","493","          ""Не подключайте кошелёк к сайтам с такими фразами."""
"C:\Users\Home-PC\Desktop\noytrix-s54\app\shield-pro.js","520","            ""Адрес не найден на популярных сканерах — может быть новый/сомнительный."""
"C:\Users\Home-PC\Desktop\noytrix-s54\app\shield-pro.js","527","            ""Новый/сомнительный адрес"""
"C:\Users\Home-PC\Desktop\noytrix-s54\app\shield-pro.js","589","/* ====== Вспом: цвет/лейбл риска ====== */"
"C:\Users\Home-PC\Desktop\noytrix-s54\app\shield-pro.js","634","  const [aiNote, setAiNote] = useState(null); // AI-комментарий"
"C:\Users\Home-PC\Desktop\noytrix-s54\app\shield-pro.js","713","      // забираем AI-комментарий именно из бэкенда"
"C:\Users\Home-PC\Desktop\noytrix-s54\app\shield-pro.js","722","      // если бэк уже хранит наш голос"
"C:\Users\Home-PC\Desktop\noytrix-s54\app\shield-pro.js","1172","            {/* Кнопка шеринга */}"
"C:\Users\Home-PC\Desktop\noytrix-s54\app\shield-pro.js","1342","        {/* Блок ""как работает PRO"" */}"
"C:\Users\Home-PC\Desktop\noytrix-s54\app\shield-pro.js","1368","      {/* Модалка примеров */}"
"C:\Users\Home-PC\Desktop\noytrix-s54\app\shield.js","1","// app/shield.js вЂ” РђРЅС‚Рё-СЃРєР°Рј (FREE)"
